param->optimization_type, NL_LTP_Gp, NL_LTD_Gp, NL_LTP_Gn, NL_LTD_Gn, kp, kd, knp, knd, pLA, nLA, pLAd,nLAd, pof, nof, newUpdateRate, nnewUpdateRate, ReverseUpdate, RefreshRate, FullRefresh, dominance, epoch, accuracy, average accuracy, standard deviation, adaptive ratio, area sizeIH, area sizeHO, learningratesplit, Gth1, Gth2, usesplitadapt, unitcellsplit, saturationprotector, destructionprotector, deltaweightratio, usesplit, adaptivesplit Gth1, adaptivesplit Gth2
SGD, 1, -9, 1, -9, 128, 128, 128, 128, 0.3, 0.3, 0.2,0.2, inf, inf, 2, 2, 1, 100, 0, 0, 1, 54.97, 54.97, 0, 1.0012, 100, 10, 3, 1, 7, 0, 1, 2.7, 0, 1, 1, 1, 7
SGD, 1, -9, 1, -9, 128, 128, 128, 128, 0.3, 0.3, 0.2,0.2, inf, inf, 2, 2, 1, 100, 0, 0, 2, 66.08, 60.525, 5.555, 1.0012, 100, 10, 3, 1, 7, 0, 1, 2.7, 0, 1, 1, 1, 7
SGD, 1, -9, 1, -9, 128, 128, 128, 128, 0.3, 0.3, 0.2,0.2, inf, inf, 2, 2, 1, 100, 0, 0, 3, 75.06, 65.37, 8.21706, 1.0012, 100, 10, 3, 1, 7, 0, 1, 2.7, 0, 1, 1, 1, 7
SGD, 1, -9, 1, -9, 128, 128, 128, 128, 0.3, 0.3, 0.2,0.2, inf, inf, 2, 2, 1, 100, 0, 0, 4, 79.93, 69.01, 9.50731, 1.0012, 100, 10, 3, 1, 7, 0, 1, 2.7, 0, 1, 1, 1, 7
SGD, 1, -9, 1, -9, 128, 128, 128, 128, 0.3, 0.3, 0.2,0.2, inf, inf, 2, 2, 1, 100, 0, 0, 5, 81.49, 71.506, 9.86059, 1.0012, 100, 10, 3, 1, 7, 0, 1, 2.7, 0, 1, 1, 1, 7
SGD, 1, -9, 1, -9, 128, 128, 128, 128, 0.3, 0.3, 0.2,0.2, inf, inf, 2, 2, 1, 100, 0, 0, 6, 82.97, 73.4167, 9.96389, 1.0012, 100, 10, 3, 1, 7, 0, 1, 2.7, 0, 1, 1, 1, 7
SGD, 1, -9, 1, -9, 128, 128, 128, 128, 0.3, 0.3, 0.2,0.2, inf, inf, 2, 2, 1, 100, 0, 0, 7, 84.58, 75.0114, 10.0178, 1.0012, 100, 10, 3, 1, 7, 0, 1, 2.7, 0, 1, 1, 1, 7
SGD, 1, -9, 1, -9, 128, 128, 128, 128, 0.3, 0.3, 0.2,0.2, inf, inf, 2, 2, 1, 100, 0, 0, 8, 84.96, 76.255, 9.93161, 1.0012, 100, 10, 3, 1, 7, 0, 1, 2.7, 0, 1, 1, 1, 7
SGD, 1, -9, 1, -9, 128, 128, 128, 128, 0.3, 0.3, 0.2,0.2, inf, inf, 2, 2, 1, 100, 0, 0, 9, 85.64, 77.2978, 9.81714, 1.0012, 100, 10, 3, 1, 7, 0, 1, 2.7, 0, 1, 1, 1, 7
SGD, 1, -9, 1, -9, 128, 128, 128, 128, 0.3, 0.3, 0.2,0.2, inf, inf, 2, 2, 1, 100, 0, 0, 10, 85.37, 78.105, 9.62305, 1.0012, 100, 10, 3, 1, 7, 0, 1, 2.7, 0, 1, 1, 1, 7
SGD, 1, -9, 1, -9, 128, 128, 128, 128, 0.3, 0.3, 0.2,0.2, inf, inf, 2, 2, 1, 100, 0, 0, 11, 86.04, 78.8264, 9.45454, 1.0012, 100, 10, 3, 1, 7, 0, 1, 2.7, 0, 1, 1, 1, 7
SGD, 1, -9, 1, -9, 128, 128, 128, 128, 0.3, 0.3, 0.2,0.2, inf, inf, 2, 2, 1, 100, 0, 0, 12, 86.53, 79.4683, 9.29907, 1.0012, 100, 10, 3, 1, 7, 0, 1, 2.7, 0, 1, 1, 1, 7
SGD, 1, -9, 1, -9, 128, 128, 128, 128, 0.3, 0.3, 0.2,0.2, inf, inf, 2, 2, 1, 100, 0, 0, 13, 86.31, 79.9946, 9.11836, 1.0012, 100, 10, 3, 1, 7, 0, 1, 2.7, 0, 1, 1, 1, 7
SGD, 1, -9, 1, -9, 128, 128, 128, 128, 0.3, 0.3, 0.2,0.2, inf, inf, 2, 2, 1, 100, 0, 0, 14, 87.21, 80.51, 8.98102, 1.0012, 100, 10, 3, 1, 7, 0, 1, 2.7, 0, 1, 1, 1, 7
SGD, 1, -9, 1, -9, 128, 128, 128, 128, 0.3, 0.3, 0.2,0.2, inf, inf, 2, 2, 1, 100, 0, 0, 15, 87.11, 80.95, 8.8313, 1.0012, 100, 10, 3, 1, 7, 0, 1, 2.7, 0, 1, 1, 1, 7
SGD, 1, -9, 1, -9, 128, 128, 128, 128, 0.3, 0.3, 0.2,0.2, inf, inf, 2, 2, 1, 100, 0, 0, 16, 87.33, 81.3487, 8.68921, 1.0012, 100, 10, 3, 1, 7, 0, 1, 2.7, 0, 1, 1, 1, 7
SGD, 1, -9, 1, -9, 128, 128, 128, 128, 0.3, 0.3, 0.2,0.2, inf, inf, 2, 2, 1, 100, 0, 0, 17, 87.61, 81.7171, 8.55754, 1.0012, 100, 10, 3, 1, 7, 0, 1, 2.7, 0, 1, 1, 1, 7
param->optimization_type, NL_LTP_Gp, NL_LTD_Gp, NL_LTP_Gn, NL_LTD_Gn, kp, kd, knp, knd, pLA, nLA, pLAd,nLAd, pof, nof, newUpdateRate, nnewUpdateRate, ReverseUpdate, RefreshRate, FullRefresh, dominance, epoch, accuracy, average accuracy, standard deviation, adaptive ratio, area sizeIH, area sizeHO, learningratesplit, Gth1, Gth2, usesplitadapt, unitcellsplit, saturationprotector, destructionprotector, deltaweightratio, usesplit, adaptivesplit Gth1, adaptivesplit Gth2
SGD, 1, -9, 1, -9, 128, 128, 128, 128, 0.3, 0.3, 0.2,0.2, inf, inf, 2, 2, 1, 100, 0, 0, 1, 46.65, 46.65, 0, 1.0012, 100, 10, 3, 1, 7, 0, 1, 2.7, 0, 1, 1, 1, 7
SGD, 1, -9, 1, -9, 128, 128, 128, 128, 0.3, 0.3, 0.2,0.2, inf, inf, 2, 2, 1, 100, 0, 0, 2, 60.29, 53.47, 6.82, 1.0012, 100, 10, 3, 1, 7, 0, 1, 2.7, 0, 1, 1, 1, 7
SGD, 1, -9, 1, -9, 128, 128, 128, 128, 0.3, 0.3, 0.2,0.2, inf, inf, 2, 2, 1, 100, 0, 0, 3, 71.86, 59.6, 10.3035, 1.0012, 100, 10, 3, 1, 7, 0, 1, 2.7, 0, 1, 1, 1, 7
SGD, 1, -9, 1, -9, 128, 128, 128, 128, 0.3, 0.3, 0.2,0.2, inf, inf, 2, 2, 1, 100, 0, 0, 4, 78.97, 64.4425, 12.2463, 1.0012, 100, 10, 3, 1, 7, 0, 1, 2.7, 0, 1, 1, 1, 7
SGD, 1, -9, 1, -9, 128, 128, 128, 128, 0.3, 0.3, 0.2,0.2, inf, inf, 2, 2, 1, 100, 0, 0, 5, 81.38, 67.83, 12.8793, 1.0012, 100, 10, 3, 1, 7, 0, 1, 2.7, 0, 1, 1, 1, 7
param->optimization_type, NL_LTP_Gp, NL_LTD_Gp, NL_LTP_Gn, NL_LTD_Gn, kp, kd, knp, knd, pLA, nLA, pLAd,nLAd, pof, nof, newUpdateRate, nnewUpdateRate, ReverseUpdate, RefreshRate, FullRefresh, dominance, epoch, accuracy, average accuracy, standard deviation, adaptive ratio, area sizeIH, area sizeHO, learningratesplit, Gth1, Gth2, usesplitadapt, unitcellsplit, saturationprotector, destructionprotector, deltaweightratio, usesplit, adaptivesplit Gth1, adaptivesplit Gth2
SGD, 1, -9, 1, -9, 128, 128, 128, 128, 0.3, 0.3, 0.2,0.2, inf, inf, 2, 2, 1, 100, 0, 0, 1, 31.72, 31.72, 0, 1.0012, 100, 10, 3, 1, 7, 0, 1, 0.2, 0.2, 1, 1, 1, 7
SGD, 1, -9, 1, -9, 128, 128, 128, 128, 0.3, 0.3, 0.2,0.2, inf, inf, 2, 2, 1, 100, 0, 0, 2, 11.35, 21.535, 10.185, 1.0012, 100, 10, 3, 1, 7, 0, 1, 0.2, 0.2, 1, 1, 1, 7
SGD, 1, -9, 1, -9, 128, 128, 128, 128, 0.3, 0.3, 0.2,0.2, inf, inf, 2, 2, 1, 100, 0, 0, 3, 24.83, 22.6333, 8.45984, 1.0012, 100, 10, 3, 1, 7, 0, 1, 0.2, 0.2, 1, 1, 1, 7
SGD, 1, -9, 1, -9, 128, 128, 128, 128, 0.3, 0.3, 0.2,0.2, inf, inf, 2, 2, 1, 100, 0, 0, 4, 13.83, 20.4325, 8.25879, 1.0012, 100, 10, 3, 1, 7, 0, 1, 0.2, 0.2, 1, 1, 1, 7
SGD, 1, -9, 1, -9, 128, 128, 128, 128, 0.3, 0.3, 0.2,0.2, inf, inf, 2, 2, 1, 100, 0, 0, 5, 31.09, 22.564, 8.52873, 1.0012, 100, 10, 3, 1, 7, 0, 1, 0.2, 0.2, 1, 1, 1, 7
SGD, 1, -9, 1, -9, 128, 128, 128, 128, 0.3, 0.3, 0.2,0.2, inf, inf, 2, 2, 1, 100, 0, 0, 6, 11.38, 20.7, 8.83111, 1.0012, 100, 10, 3, 1, 7, 0, 1, 0.2, 0.2, 1, 1, 1, 7
SGD, 1, -9, 1, -9, 128, 128, 128, 128, 0.3, 0.3, 0.2,0.2, inf, inf, 2, 2, 1, 100, 0, 0, 7, 25.2, 21.3429, 8.32628, 1.0012, 100, 10, 3, 1, 7, 0, 1, 0.2, 0.2, 1, 1, 1, 7
SGD, 1, -9, 1, -9, 128, 128, 128, 128, 0.3, 0.3, 0.2,0.2, inf, inf, 2, 2, 1, 100, 0, 0, 8, 41.56, 23.87, 10.2648, 1.0012, 100, 10, 3, 1, 7, 0, 1, 0.2, 0.2, 1, 1, 1, 7
SGD, 1, -9, 1, -9, 128, 128, 128, 128, 0.3, 0.3, 0.2,0.2, inf, inf, 2, 2, 1, 100, 0, 0, 9, 20.85, 23.5344, 9.72418, 1.0012, 100, 10, 3, 1, 7, 0, 1, 0.2, 0.2, 1, 1, 1, 7
param->optimization_type, NL_LTP_Gp, NL_LTD_Gp, NL_LTP_Gn, NL_LTD_Gn, kp, kd, knp, knd, pLA, nLA, pLAd,nLAd, pof, nof, newUpdateRate, nnewUpdateRate, ReverseUpdate, RefreshRate, FullRefresh, dominance, epoch, accuracy, average accuracy, standard deviation, adaptive ratio, area sizeIH, area sizeHO, learningratesplit, Gth1, Gth2, usesplitadapt, unitcellsplit, saturationprotector, destructionprotector, deltaweightratio, usesplit, adaptivesplit Gth1, adaptivesplit Gth2
SGD, 1, -9, 1, -9, 128, 128, 128, 128, 0.3, 0.3, 0.2,0.2, inf, inf, 2, 2, 1, 100, 0, 0, 1, 11.43, 11.43, 0, 1.0012, 100, 10, 3, 1, 7, 0, 1, 0.2, 0.3, 1, 1, 1, 7
SGD, 1, -9, 1, -9, 128, 128, 128, 128, 0.3, 0.3, 0.2,0.2, inf, inf, 2, 2, 1, 100, 0, 0, 2, 11.35, 11.39, 0.04, 1.0012, 100, 10, 3, 1, 7, 0, 1, 0.2, 0.3, 1, 1, 1, 7
SGD, 1, -9, 1, -9, 128, 128, 128, 128, 0.3, 0.3, 0.2,0.2, inf, inf, 2, 2, 1, 100, 0, 0, 3, 27.79, 16.8567, 7.7311, 1.0012, 100, 10, 3, 1, 7, 0, 1, 0.2, 0.3, 1, 1, 1, 7
SGD, 1, -9, 1, -9, 128, 128, 128, 128, 0.3, 0.3, 0.2,0.2, inf, inf, 2, 2, 1, 100, 0, 0, 4, 15.88, 16.6125, 6.70867, 1.0012, 100, 10, 3, 1, 7, 0, 1, 0.2, 0.3, 1, 1, 1, 7
SGD, 1, -9, 1, -9, 128, 128, 128, 128, 0.3, 0.3, 0.2,0.2, inf, inf, 2, 2, 1, 100, 0, 0, 5, 26.41, 18.572, 7.16684, 1.0012, 100, 10, 3, 1, 7, 0, 1, 0.2, 0.3, 1, 1, 1, 7
SGD, 1, -9, 1, -9, 128, 128, 128, 128, 0.3, 0.3, 0.2,0.2, inf, inf, 2, 2, 1, 100, 0, 0, 6, 19.81, 18.7783, 6.55865, 1.0012, 100, 10, 3, 1, 7, 0, 1, 0.2, 0.3, 1, 1, 1, 7
SGD, 1, -9, 1, -9, 128, 128, 128, 128, 0.3, 0.3, 0.2,0.2, inf, inf, 2, 2, 1, 100, 0, 0, 7, 21.84, 19.2157, 6.16592, 1.0012, 100, 10, 3, 1, 7, 0, 1, 0.2, 0.3, 1, 1, 1, 7
SGD, 1, -9, 1, -9, 128, 128, 128, 128, 0.3, 0.3, 0.2,0.2, inf, inf, 2, 2, 1, 100, 0, 0, 8, 26.05, 20.07, 6.19475, 1.0012, 100, 10, 3, 1, 7, 0, 1, 0.2, 0.3, 1, 1, 1, 7
param->optimization_type, NL_LTP_Gp, NL_LTD_Gp, NL_LTP_Gn, NL_LTD_Gn, kp, kd, knp, knd, pLA, nLA, pLAd,nLAd, pof, nof, newUpdateRate, nnewUpdateRate, ReverseUpdate, RefreshRate, FullRefresh, dominance, epoch, accuracy, average accuracy, standard deviation, adaptive ratio, area sizeIH, area sizeHO, learningratesplit, Gth1, Gth2, usesplitadapt, unitcellsplit, saturationprotector, destructionprotector, deltaweightratio, usesplit, adaptivesplit Gth1, adaptivesplit Gth2
SGD, 1, -9, 1, -9, 128, 128, 128, 128, 0.3, 0.3, 0.2,0.2, inf, inf, 2, 2, 1, 100, 0, 0, 1, 26.56, 26.56, 0, 1.0012, 100, 10, 3, 1, 7, 0, 1, 0.9, 0, 1, 1, 1, 7
SGD, 1, -9, 1, -9, 128, 128, 128, 128, 0.3, 0.3, 0.2,0.2, inf, inf, 2, 2, 1, 100, 0, 0, 2, 39.67, 33.115, 6.555, 1.0012, 100, 10, 3, 1, 7, 0, 1, 0.9, 0, 1, 1, 1, 7
SGD, 1, -9, 1, -9, 128, 128, 128, 128, 0.3, 0.3, 0.2,0.2, inf, inf, 2, 2, 1, 100, 0, 0, 3, 72.61, 46.28, 19.3721, 1.0012, 100, 10, 3, 1, 7, 0, 1, 0.9, 0, 1, 1, 1, 7
SGD, 1, -9, 1, -9, 128, 128, 128, 128, 0.3, 0.3, 0.2,0.2, inf, inf, 2, 2, 1, 100, 0, 0, 4, 80.78, 54.905, 22.464, 1.0012, 100, 10, 3, 1, 7, 0, 1, 0.9, 0, 1, 1, 1, 7
SGD, 1, -9, 1, -9, 128, 128, 128, 128, 0.3, 0.3, 0.2,0.2, inf, inf, 2, 2, 1, 100, 0, 0, 5, 83.35, 60.594, 23.0904, 1.0012, 100, 10, 3, 1, 7, 0, 1, 0.9, 0, 1, 1, 1, 7
SGD, 1, -9, 1, -9, 128, 128, 128, 128, 0.3, 0.3, 0.2,0.2, inf, inf, 2, 2, 1, 100, 0, 0, 6, 84.6, 64.595, 22.8985, 1.0012, 100, 10, 3, 1, 7, 0, 1, 0.9, 0, 1, 1, 1, 7
SGD, 1, -9, 1, -9, 128, 128, 128, 128, 0.3, 0.3, 0.2,0.2, inf, inf, 2, 2, 1, 100, 0, 0, 7, 86.26, 67.69, 22.5147, 1.0012, 100, 10, 3, 1, 7, 0, 1, 0.9, 0, 1, 1, 1, 7
SGD, 1, -9, 1, -9, 128, 128, 128, 128, 0.3, 0.3, 0.2,0.2, inf, inf, 2, 2, 1, 100, 0, 0, 8, 86.87, 70.0875, 21.9951, 1.0012, 100, 10, 3, 1, 7, 0, 1, 0.9, 0, 1, 1, 1, 7
SGD, 1, -9, 1, -9, 128, 128, 128, 128, 0.3, 0.3, 0.2,0.2, inf, inf, 2, 2, 1, 100, 0, 0, 9, 87.6, 72.0333, 21.4551, 1.0012, 100, 10, 3, 1, 7, 0, 1, 0.9, 0, 1, 1, 1, 7
SGD, 1, -9, 1, -9, 128, 128, 128, 128, 0.3, 0.3, 0.2,0.2, inf, inf, 2, 2, 1, 100, 0, 0, 10, 87.83, 73.613, 20.8985, 1.0012, 100, 10, 3, 1, 7, 0, 1, 0.9, 0, 1, 1, 1, 7
SGD, 1, -9, 1, -9, 128, 128, 128, 128, 0.3, 0.3, 0.2,0.2, inf, inf, 2, 2, 1, 100, 0, 0, 11, 87.75, 74.8982, 20.3361, 1.0012, 100, 10, 3, 1, 7, 0, 1, 0.9, 0, 1, 1, 1, 7
SGD, 1, -9, 1, -9, 128, 128, 128, 128, 0.3, 0.3, 0.2,0.2, inf, inf, 2, 2, 1, 100, 0, 0, 12, 88.18, 76.005, 19.8134, 1.0012, 100, 10, 3, 1, 7, 0, 1, 0.9, 0, 1, 1, 1, 7
SGD, 1, -9, 1, -9, 128, 128, 128, 128, 0.3, 0.3, 0.2,0.2, inf, inf, 2, 2, 1, 100, 0, 0, 13, 88.16, 76.94, 19.3097, 1.0012, 100, 10, 3, 1, 7, 0, 1, 0.9, 0, 1, 1, 1, 7
SGD, 1, -9, 1, -9, 128, 128, 128, 128, 0.3, 0.3, 0.2,0.2, inf, inf, 2, 2, 1, 100, 0, 0, 14, 89.58, 77.8429, 18.8899, 1.0012, 100, 10, 3, 1, 7, 0, 1, 0.9, 0, 1, 1, 1, 7
SGD, 1, -9, 1, -9, 128, 128, 128, 128, 0.3, 0.3, 0.2,0.2, inf, inf, 2, 2, 1, 100, 0, 0, 15, 88.54, 78.556, 18.4434, 1.0012, 100, 10, 3, 1, 7, 0, 1, 0.9, 0, 1, 1, 1, 7
SGD, 1, -9, 1, -9, 128, 128, 128, 128, 0.3, 0.3, 0.2,0.2, inf, inf, 2, 2, 1, 100, 0, 0, 16, 88.76, 79.1938, 18.0278, 1.0012, 100, 10, 3, 1, 7, 0, 1, 0.9, 0, 1, 1, 1, 7
SGD, 1, -9, 1, -9, 128, 128, 128, 128, 0.3, 0.3, 0.2,0.2, inf, inf, 2, 2, 1, 100, 0, 0, 17, 89.42, 79.7953, 17.6542, 1.0012, 100, 10, 3, 1, 7, 0, 1, 0.9, 0, 1, 1, 1, 7
SGD, 1, -9, 1, -9, 128, 128, 128, 128, 0.3, 0.3, 0.2,0.2, inf, inf, 2, 2, 1, 100, 0, 0, 18, 89.29, 80.3228, 17.2941, 1.0012, 100, 10, 3, 1, 7, 0, 1, 0.9, 0, 1, 1, 1, 7
SGD, 1, -9, 1, -9, 128, 128, 128, 128, 0.3, 0.3, 0.2,0.2, inf, inf, 2, 2, 1, 100, 0, 0, 19, 89.16, 80.7879, 16.9482, 1.0012, 100, 10, 3, 1, 7, 0, 1, 0.9, 0, 1, 1, 1, 7
SGD, 1, -9, 1, -9, 128, 128, 128, 128, 0.3, 0.3, 0.2,0.2, inf, inf, 2, 2, 1, 100, 0, 0, 20, 88.96, 81.1965, 16.6148, 1.0012, 100, 10, 3, 1, 7, 0, 1, 0.9, 0, 1, 1, 1, 7
SGD, 1, -9, 1, -9, 128, 128, 128, 128, 0.3, 0.3, 0.2,0.2, inf, inf, 2, 2, 1, 100, 0, 0, 21, 89.82, 81.6071, 16.318, 1.0012, 100, 10, 3, 1, 7, 0, 1, 0.9, 0, 1, 1, 1, 7
SGD, 1, -9, 1, -9, 128, 128, 128, 128, 0.3, 0.3, 0.2,0.2, inf, inf, 2, 2, 1, 100, 0, 0, 22, 90, 81.9886, 16.0384, 1.0012, 100, 10, 3, 1, 7, 0, 1, 0.9, 0, 1, 1, 1, 7
SGD, 1, -9, 1, -9, 128, 128, 128, 128, 0.3, 0.3, 0.2,0.2, inf, inf, 2, 2, 1, 100, 0, 0, 23, 89.73, 82.3252, 15.7651, 1.0012, 100, 10, 3, 1, 7, 0, 1, 0.9, 0, 1, 1, 1, 7
SGD, 1, -9, 1, -9, 128, 128, 128, 128, 0.3, 0.3, 0.2,0.2, inf, inf, 2, 2, 1, 100, 0, 0, 24, 90.02, 82.6458, 15.5096, 1.0012, 100, 10, 3, 1, 7, 0, 1, 0.9, 0, 1, 1, 1, 7
SGD, 1, -9, 1, -9, 128, 128, 128, 128, 0.3, 0.3, 0.2,0.2, inf, inf, 2, 2, 1, 100, 0, 0, 25, 89.91, 82.9364, 15.2627, 1.0012, 100, 10, 3, 1, 7, 0, 1, 0.9, 0, 1, 1, 1, 7
SGD, 1, -9, 1, -9, 128, 128, 128, 128, 0.3, 0.3, 0.2,0.2, inf, inf, 2, 2, 1, 100, 0, 0, 26, 90.02, 90.02, 0, 1.0012, 100, 10, 3, 1, 7, 0, 1, 0.9, 0, 1, 1, 1, 7
SGD, 1, -9, 1, -9, 128, 128, 128, 128, 0.3, 0.3, 0.2,0.2, inf, inf, 2, 2, 1, 100, 0, 0, 27, 89.76, 89.89, 0.13, 1.0012, 100, 10, 3, 1, 7, 0, 1, 0.9, 0, 1, 1, 1, 7
SGD, 1, -9, 1, -9, 128, 128, 128, 128, 0.3, 0.3, 0.2,0.2, inf, inf, 2, 2, 1, 100, 0, 0, 28, 90.71, 90.1633, 0.40086, 1.0012, 100, 10, 3, 1, 7, 0, 1, 0.9, 0, 1, 1, 1, 7
SGD, 1, -9, 1, -9, 128, 128, 128, 128, 0.3, 0.3, 0.2,0.2, inf, inf, 2, 2, 1, 100, 0, 0, 29, 90.35, 90.21, 0.356441, 1.0012, 100, 10, 3, 1, 7, 0, 1, 0.9, 0, 1, 1, 1, 7
SGD, 1, -9, 1, -9, 128, 128, 128, 128, 0.3, 0.3, 0.2,0.2, inf, inf, 2, 2, 1, 100, 0, 0, 30, 90.62, 90.292, 0.358519, 1.0012, 100, 10, 3, 1, 7, 0, 1, 0.9, 0, 1, 1, 1, 7
SGD, 1, -9, 1, -9, 128, 128, 128, 128, 0.3, 0.3, 0.2,0.2, inf, inf, 2, 2, 1, 100, 0, 0, 31, 89.78, 90.2067, 0.378843, 1.0012, 100, 10, 3, 1, 7, 0, 1, 0.9, 0, 1, 1, 1, 7
SGD, 1, -9, 1, -9, 128, 128, 128, 128, 0.3, 0.3, 0.2,0.2, inf, inf, 2, 2, 1, 100, 0, 0, 32, 90.78, 90.2886, 0.404066, 1.0012, 100, 10, 3, 1, 7, 0, 1, 0.9, 0, 1, 1, 1, 7
SGD, 1, -9, 1, -9, 128, 128, 128, 128, 0.3, 0.3, 0.2,0.2, inf, inf, 2, 2, 1, 100, 0, 0, 33, 90.91, 90.3662, 0.430231, 1.0012, 100, 10, 3, 1, 7, 0, 1, 0.9, 0, 1, 1, 1, 7
SGD, 1, -9, 1, -9, 128, 128, 128, 128, 0.3, 0.3, 0.2,0.2, inf, inf, 2, 2, 1, 100, 0, 0, 34, 91.19, 90.4578, 0.481197, 1.0012, 100, 10, 3, 1, 7, 0, 1, 0.9, 0, 1, 1, 1, 7
SGD, 1, -9, 1, -9, 128, 128, 128, 128, 0.3, 0.3, 0.2,0.2, inf, inf, 2, 2, 1, 100, 0, 0, 35, 90.69, 90.481, 0.461789, 1.0012, 100, 10, 3, 1, 7, 0, 1, 0.9, 0, 1, 1, 1, 7
SGD, 1, -9, 1, -9, 128, 128, 128, 128, 0.3, 0.3, 0.2,0.2, inf, inf, 2, 2, 1, 100, 0, 0, 36, 91.03, 90.5309, 0.467731, 1.0012, 100, 10, 3, 1, 7, 0, 1, 0.9, 0, 1, 1, 1, 7
SGD, 1, -9, 1, -9, 128, 128, 128, 128, 0.3, 0.3, 0.2,0.2, inf, inf, 2, 2, 1, 100, 0, 0, 37, 91.21, 90.5875, 0.48556, 1.0012, 100, 10, 3, 1, 7, 0, 1, 0.9, 0, 1, 1, 1, 7
SGD, 1, -9, 1, -9, 128, 128, 128, 128, 0.3, 0.3, 0.2,0.2, inf, inf, 2, 2, 1, 100, 0, 0, 38, 91.42, 90.6515, 0.516569, 1.0012, 100, 10, 3, 1, 7, 0, 1, 0.9, 0, 1, 1, 1, 7
SGD, 1, -9, 1, -9, 128, 128, 128, 128, 0.3, 0.3, 0.2,0.2, inf, inf, 2, 2, 1, 100, 0, 0, 39, 91.21, 90.6914, 0.51814, 1.0012, 100, 10, 3, 1, 7, 0, 1, 0.9, 0, 1, 1, 1, 7
SGD, 1, -9, 1, -9, 128, 128, 128, 128, 0.3, 0.3, 0.2,0.2, inf, inf, 2, 2, 1, 100, 0, 0, 40, 91.34, 90.7347, 0.526065, 1.0012, 100, 10, 3, 1, 7, 0, 1, 0.9, 0, 1, 1, 1, 7
SGD, 1, -9, 1, -9, 128, 128, 128, 128, 0.3, 0.3, 0.2,0.2, inf, inf, 2, 2, 1, 100, 0, 0, 41, 90.55, 90.7231, 0.511318, 1.0012, 100, 10, 3, 1, 7, 0, 1, 0.9, 0, 1, 1, 1, 7
SGD, 1, -9, 1, -9, 128, 128, 128, 128, 0.3, 0.3, 0.2,0.2, inf, inf, 2, 2, 1, 100, 0, 0, 42, 91.8, 90.7865, 0.557019, 1.0012, 100, 10, 3, 1, 7, 0, 1, 0.9, 0, 1, 1, 1, 7
SGD, 1, -9, 1, -9, 128, 128, 128, 128, 0.3, 0.3, 0.2,0.2, inf, inf, 2, 2, 1, 100, 0, 0, 43, 90.41, 90.7656, 0.548151, 1.0012, 100, 10, 3, 1, 7, 0, 1, 0.9, 0, 1, 1, 1, 7
SGD, 1, -9, 1, -9, 128, 128, 128, 128, 0.3, 0.3, 0.2,0.2, inf, inf, 2, 2, 1, 100, 0, 0, 44, 91.43, 90.8005, 0.553776, 1.0012, 100, 10, 3, 1, 7, 0, 1, 0.9, 0, 1, 1, 1, 7
SGD, 1, -9, 1, -9, 128, 128, 128, 128, 0.3, 0.3, 0.2,0.2, inf, inf, 2, 2, 1, 100, 0, 0, 45, 90.29, 90.775, 0.551103, 1.0012, 100, 10, 3, 1, 7, 0, 1, 0.9, 0, 1, 1, 1, 7
SGD, 1, -9, 1, -9, 128, 128, 128, 128, 0.3, 0.3, 0.2,0.2, inf, inf, 2, 2, 1, 100, 0, 0, 46, 90.81, 90.7767, 0.537874, 1.0012, 100, 10, 3, 1, 7, 0, 1, 0.9, 0, 1, 1, 1, 7
SGD, 1, -9, 1, -9, 128, 128, 128, 128, 0.3, 0.3, 0.2,0.2, inf, inf, 2, 2, 1, 100, 0, 0, 47, 90.63, 90.77, 0.526394, 1.0012, 100, 10, 3, 1, 7, 0, 1, 0.9, 0, 1, 1, 1, 7
SGD, 1, -9, 1, -9, 128, 128, 128, 128, 0.3, 0.3, 0.2,0.2, inf, inf, 2, 2, 1, 100, 0, 0, 48, 90.65, 90.7648, 0.515405, 1.0012, 100, 10, 3, 1, 7, 0, 1, 0.9, 0, 1, 1, 1, 7
SGD, 1, -9, 1, -9, 128, 128, 128, 128, 0.3, 0.3, 0.2,0.2, inf, inf, 2, 2, 1, 100, 0, 0, 49, 91.13, 90.78, 0.509804, 1.0012, 100, 10, 3, 1, 7, 0, 1, 0.9, 0, 1, 1, 1, 7
SGD, 1, -9, 1, -9, 128, 128, 128, 128, 0.3, 0.3, 0.2,0.2, inf, inf, 2, 2, 1, 100, 0, 0, 50, 91.9, 90.8248, 0.545594, 1.0012, 100, 10, 3, 1, 7, 0, 1, 0.9, 0, 1, 1, 1, 7
SGD, 1, -9, 1, -9, 128, 128, 128, 128, 0.3, 0.3, 0.2,0.2, inf, inf, 2, 2, 1, 100, 0, 0, 51, 90.96, 90.96, 0, 1.0012, 100, 10, 3, 1, 7, 0, 1, 0.9, 0, 1, 1, 1, 7
SGD, 1, -9, 1, -9, 128, 128, 128, 128, 0.3, 0.3, 0.2,0.2, inf, inf, 2, 2, 1, 100, 0, 0, 52, 91.79, 91.375, 0.415, 1.0012, 100, 10, 3, 1, 7, 0, 1, 0.9, 0, 1, 1, 1, 7
SGD, 1, -9, 1, -9, 128, 128, 128, 128, 0.3, 0.3, 0.2,0.2, inf, inf, 2, 2, 1, 100, 0, 0, 53, 91.41, 91.3867, 0.339248, 1.0012, 100, 10, 3, 1, 7, 0, 1, 0.9, 0, 1, 1, 1, 7
SGD, 1, -9, 1, -9, 128, 128, 128, 128, 0.3, 0.3, 0.2,0.2, inf, inf, 2, 2, 1, 100, 0, 0, 54, 91.72, 91.47, 0.327338, 1.0012, 100, 10, 3, 1, 7, 0, 1, 0.9, 0, 1, 1, 1, 7
SGD, 1, -9, 1, -9, 128, 128, 128, 128, 0.3, 0.3, 0.2,0.2, inf, inf, 2, 2, 1, 100, 0, 0, 55, 90.9, 91.356, 0.371085, 1.0012, 100, 10, 3, 1, 7, 0, 1, 0.9, 0, 1, 1, 1, 7
SGD, 1, -9, 1, -9, 128, 128, 128, 128, 0.3, 0.3, 0.2,0.2, inf, inf, 2, 2, 1, 100, 0, 0, 56, 91.51, 91.3817, 0.34358, 1.0012, 100, 10, 3, 1, 7, 0, 1, 0.9, 0, 1, 1, 1, 7
SGD, 1, -9, 1, -9, 128, 128, 128, 128, 0.3, 0.3, 0.2,0.2, inf, inf, 2, 2, 1, 100, 0, 0, 57, 91.57, 91.4086, 0.324848, 1.0012, 100, 10, 3, 1, 7, 0, 1, 0.9, 0, 1, 1, 1, 7
SGD, 1, -9, 1, -9, 128, 128, 128, 128, 0.3, 0.3, 0.2,0.2, inf, inf, 2, 2, 1, 100, 0, 0, 58, 91.63, 91.4362, 0.312567, 1.0012, 100, 10, 3, 1, 7, 0, 1, 0.9, 0, 1, 1, 1, 7
SGD, 1, -9, 1, -9, 128, 128, 128, 128, 0.3, 0.3, 0.2,0.2, inf, inf, 2, 2, 1, 100, 0, 0, 59, 91.52, 91.4456, 0.295865, 1.0012, 100, 10, 3, 1, 7, 0, 1, 0.9, 0, 1, 1, 1, 7
SGD, 1, -9, 1, -9, 128, 128, 128, 128, 0.3, 0.3, 0.2,0.2, inf, inf, 2, 2, 1, 100, 0, 0, 60, 91.27, 91.428, 0.28558, 1.0012, 100, 10, 3, 1, 7, 0, 1, 0.9, 0, 1, 1, 1, 7
param->optimization_type, NL_LTP_Gp, NL_LTD_Gp, NL_LTP_Gn, NL_LTD_Gn, kp, kd, knp, knd, pLA, nLA, pLAd,nLAd, pof, nof, newUpdateRate, nnewUpdateRate, ReverseUpdate, RefreshRate, FullRefresh, dominance, epoch, accuracy, average accuracy, standard deviation, adaptive ratio, area sizeIH, area sizeHO, learningratesplit, Gth1, Gth2, usesplitadapt, unitcellsplit, saturationprotector, destructionprotector, deltaweightratio, usesplit, adaptivesplit Gth1, adaptivesplit Gth2
SGD, 1, -9, 1, -9, 128, 128, 128, 128, 0.3, 0.3, 0.2,0.2, inf, inf, 2, 2, 1, 100, 0, 0, 1, 19.32, 19.32, 0, 1.0012, 100, 10, 3, 1, 7, 0, 1, 0.8, 0, 1, 1, 1, 7
SGD, 1, -9, 1, -9, 128, 128, 128, 128, 0.3, 0.3, 0.2,0.2, inf, inf, 2, 2, 1, 100, 0, 0, 2, 11.35, 15.335, 3.985, 1.0012, 100, 10, 3, 1, 7, 0, 1, 0.8, 0, 1, 1, 1, 7
SGD, 1, -9, 1, -9, 128, 128, 128, 128, 0.3, 0.3, 0.2,0.2, inf, inf, 2, 2, 1, 100, 0, 0, 3, 27.85, 19.5067, 6.73739, 1.0012, 100, 10, 3, 1, 7, 0, 1, 0.8, 0, 1, 1, 1, 7
SGD, 1, -9, 1, -9, 128, 128, 128, 128, 0.3, 0.3, 0.2,0.2, inf, inf, 2, 2, 1, 100, 0, 0, 4, 39.73, 24.5625, 10.5228, 1.0012, 100, 10, 3, 1, 7, 0, 1, 0.8, 0, 1, 1, 1, 7
SGD, 1, -9, 1, -9, 128, 128, 128, 128, 0.3, 0.3, 0.2,0.2, inf, inf, 2, 2, 1, 100, 0, 0, 5, 37.46, 27.142, 10.733, 1.0012, 100, 10, 3, 1, 7, 0, 1, 0.8, 0, 1, 1, 1, 7
SGD, 1, -9, 1, -9, 128, 128, 128, 128, 0.3, 0.3, 0.2,0.2, inf, inf, 2, 2, 1, 100, 0, 0, 6, 20.77, 26.08, 10.0816, 1.0012, 100, 10, 3, 1, 7, 0, 1, 0.8, 0, 1, 1, 1, 7
SGD, 1, -9, 1, -9, 128, 128, 128, 128, 0.3, 0.3, 0.2,0.2, inf, inf, 2, 2, 1, 100, 0, 0, 7, 27.94, 26.3457, 9.35637, 1.0012, 100, 10, 3, 1, 7, 0, 1, 0.8, 0, 1, 1, 1, 7
SGD, 1, -9, 1, -9, 128, 128, 128, 128, 0.3, 0.3, 0.2,0.2, inf, inf, 2, 2, 1, 100, 0, 0, 8, 19.66, 25.51, 9.02706, 1.0012, 100, 10, 3, 1, 7, 0, 1, 0.8, 0, 1, 1, 1, 7
SGD, 1, -9, 1, -9, 128, 128, 128, 128, 0.3, 0.3, 0.2,0.2, inf, inf, 2, 2, 1, 100, 0, 0, 9, 21.83, 25.1011, 8.58902, 1.0012, 100, 10, 3, 1, 7, 0, 1, 0.8, 0, 1, 1, 1, 7
SGD, 1, -9, 1, -9, 128, 128, 128, 128, 0.3, 0.3, 0.2,0.2, inf, inf, 2, 2, 1, 100, 0, 0, 10, 28.33, 25.424, 8.20563, 1.0012, 100, 10, 3, 1, 7, 0, 1, 0.8, 0, 1, 1, 1, 7
param->optimization_type, NL_LTP_Gp, NL_LTD_Gp, NL_LTP_Gn, NL_LTD_Gn, kp, kd, knp, knd, pLA, nLA, pLAd,nLAd, pof, nof, newUpdateRate, nnewUpdateRate, ReverseUpdate, RefreshRate, FullRefresh, dominance, epoch, accuracy, average accuracy, standard deviation, adaptive ratio, area sizeIH, area sizeHO, learningratesplit, Gth1, Gth2, usesplitadapt, unitcellsplit, saturationprotector, destructionprotector, deltaweightratio, usesplit, adaptivesplit Gth1, adaptivesplit Gth2
SGD, 1, -9, 1, -9, 128, 128, 128, 128, 0.3, 0.3, 0.2,0.2, inf, inf, 2, 2, 1, 100, 0, 0, 1, 29.51, 29.51, 0, 1.0012, 100, 10, 3, 1, 7, 0, 1, 0.8, 0, 1, 1, 1, 7
param->optimization_type, NL_LTP_Gp, NL_LTD_Gp, NL_LTP_Gn, NL_LTD_Gn, kp, kd, knp, knd, pLA, nLA, pLAd,nLAd, pof, nof, newUpdateRate, nnewUpdateRate, ReverseUpdate, RefreshRate, FullRefresh, dominance, epoch, accuracy, average accuracy, standard deviation, adaptive ratio, area sizeIH, area sizeHO, learningratesplit, Gth1, Gth2, usesplitadapt, unitcellsplit, saturationprotector, destructionprotector, deltaweightratio, usesplit, adaptivesplit Gth1, adaptivesplit Gth2
SGD, 1, -9, 1, -9, 128, 128, 128, 128, 0.3, 0.3, 0.2,0.2, inf, inf, 2, 2, 1, 100, 0, 0, 1, 14.31, 14.31, 0, 1.0012, 100, 10, 3, 1, 7, 0, 1, 0.8, 0, 1, 1, 1, 7
SGD, 1, -9, 1, -9, 128, 128, 128, 128, 0.3, 0.3, 0.2,0.2, inf, inf, 2, 2, 1, 100, 0, 0, 2, 24.2, 19.255, 4.945, 1.0012, 100, 10, 3, 1, 7, 0, 1, 0.8, 0, 1, 1, 1, 7
SGD, 1, -9, 1, -9, 128, 128, 128, 128, 0.3, 0.3, 0.2,0.2, inf, inf, 2, 2, 1, 100, 0, 0, 3, 19.75, 19.42, 4.04431, 1.0012, 100, 10, 3, 1, 7, 0, 1, 0.8, 0, 1, 1, 1, 7
SGD, 1, -9, 1, -9, 128, 128, 128, 128, 0.3, 0.3, 0.2,0.2, inf, inf, 2, 2, 1, 100, 0, 0, 4, 15.37, 18.4075, 3.91699, 1.0012, 100, 10, 3, 1, 7, 0, 1, 0.8, 0, 1, 1, 1, 7
SGD, 1, -9, 1, -9, 128, 128, 128, 128, 0.3, 0.3, 0.2,0.2, inf, inf, 2, 2, 1, 100, 0, 0, 5, 29.45, 20.616, 5.63774, 1.0012, 100, 10, 3, 1, 7, 0, 1, 0.8, 0, 1, 1, 1, 7
SGD, 1, -9, 1, -9, 128, 128, 128, 128, 0.3, 0.3, 0.2,0.2, inf, inf, 2, 2, 1, 100, 0, 0, 6, 9.8, 18.8133, 6.53719, 1.0012, 100, 10, 3, 1, 7, 0, 1, 0.8, 0, 1, 1, 1, 7
param->optimization_type, NL_LTP_Gp, NL_LTD_Gp, NL_LTP_Gn, NL_LTD_Gn, kp, kd, knp, knd, pLA, nLA, pLAd,nLAd, pof, nof, newUpdateRate, nnewUpdateRate, ReverseUpdate, RefreshRate, FullRefresh, dominance, epoch, accuracy, average accuracy, standard deviation, adaptive ratio, area sizeIH, area sizeHO, learningratesplit, Gth1, Gth2, usesplitadapt, unitcellsplit, saturationprotector, destructionprotector, deltaweightratio, usesplit, adaptivesplit Gth1, adaptivesplit Gth2
SGD, 1, -9, 1, -9, 128, 128, 128, 128, 0.3, 0.3, 0.2,0.2, inf, inf, 2, 2, 1, 100, 0, 0, 1, 45.08, 45.08, 0, 1.0012, 100, 10, 3, 1, 7, 0, 1, 0.8, 0, 1, 1, 1, 7
SGD, 1, -9, 1, -9, 128, 128, 128, 128, 0.3, 0.3, 0.2,0.2, inf, inf, 2, 2, 1, 100, 0, 0, 2, 74.74, 59.91, 14.83, 1.0012, 100, 10, 3, 1, 7, 0, 1, 0.8, 0, 1, 1, 1, 7
SGD, 1, -9, 1, -9, 128, 128, 128, 128, 0.3, 0.3, 0.2,0.2, inf, inf, 2, 2, 1, 100, 0, 0, 3, 80.23, 66.6833, 15.4394, 1.0012, 100, 10, 3, 1, 7, 0, 1, 0.8, 0, 1, 1, 1, 7
SGD, 1, -9, 1, -9, 128, 128, 128, 128, 0.3, 0.3, 0.2,0.2, inf, inf, 2, 2, 1, 100, 0, 0, 4, 85.05, 71.275, 15.5574, 1.0012, 100, 10, 3, 1, 7, 0, 1, 0.8, 0, 1, 1, 1, 7
SGD, 1, -9, 1, -9, 128, 128, 128, 128, 0.3, 0.3, 0.2,0.2, inf, inf, 2, 2, 1, 100, 0, 0, 5, 85.08, 74.036, 14.9706, 1.0012, 100, 10, 3, 1, 7, 0, 1, 0.8, 0, 1, 1, 1, 7
SGD, 1, -9, 1, -9, 128, 128, 128, 128, 0.3, 0.3, 0.2,0.2, inf, inf, 2, 2, 1, 100, 0, 0, 6, 86.2, 76.0633, 14.3984, 1.0012, 100, 10, 3, 1, 7, 0, 1, 0.8, 0, 1, 1, 1, 7
SGD, 1, -9, 1, -9, 128, 128, 128, 128, 0.3, 0.3, 0.2,0.2, inf, inf, 2, 2, 1, 100, 0, 0, 7, 86.84, 77.6029, 13.8535, 1.0012, 100, 10, 3, 1, 7, 0, 1, 0.8, 0, 1, 1, 1, 7
SGD, 1, -9, 1, -9, 128, 128, 128, 128, 0.3, 0.3, 0.2,0.2, inf, inf, 2, 2, 1, 100, 0, 0, 8, 87.71, 78.8663, 13.3829, 1.0012, 100, 10, 3, 1, 7, 0, 1, 0.8, 0, 1, 1, 1, 7
SGD, 1, -9, 1, -9, 128, 128, 128, 128, 0.3, 0.3, 0.2,0.2, inf, inf, 2, 2, 1, 100, 0, 0, 9, 88.02, 79.8833, 12.9413, 1.0012, 100, 10, 3, 1, 7, 0, 1, 0.8, 0, 1, 1, 1, 7
SGD, 1, -9, 1, -9, 128, 128, 128, 128, 0.3, 0.3, 0.2,0.2, inf, inf, 2, 2, 1, 100, 0, 0, 10, 88.04, 80.699, 12.5187, 1.0012, 100, 10, 3, 1, 7, 0, 1, 0.8, 0, 1, 1, 1, 7
SGD, 1, -9, 1, -9, 128, 128, 128, 128, 0.3, 0.3, 0.2,0.2, inf, inf, 2, 2, 1, 100, 0, 0, 11, 88.66, 81.4227, 12.1536, 1.0012, 100, 10, 3, 1, 7, 0, 1, 0.8, 0, 1, 1, 1, 7
SGD, 1, -9, 1, -9, 128, 128, 128, 128, 0.3, 0.3, 0.2,0.2, inf, inf, 2, 2, 1, 100, 0, 0, 12, 88.73, 82.0317, 11.8101, 1.0012, 100, 10, 3, 1, 7, 0, 1, 0.8, 0, 1, 1, 1, 7
SGD, 1, -9, 1, -9, 128, 128, 128, 128, 0.3, 0.3, 0.2,0.2, inf, inf, 2, 2, 1, 100, 0, 0, 13, 89.02, 82.5692, 11.4986, 1.0012, 100, 10, 3, 1, 7, 0, 1, 0.8, 0, 1, 1, 1, 7
SGD, 1, -9, 1, -9, 128, 128, 128, 128, 0.3, 0.3, 0.2,0.2, inf, inf, 2, 2, 1, 100, 0, 0, 14, 88.33, 82.9807, 11.1792, 1.0012, 100, 10, 3, 1, 7, 0, 1, 0.8, 0, 1, 1, 1, 7
SGD, 1, -9, 1, -9, 128, 128, 128, 128, 0.3, 0.3, 0.2,0.2, inf, inf, 2, 2, 1, 100, 0, 0, 15, 89.27, 83.4, 10.9135, 1.0012, 100, 10, 3, 1, 7, 0, 1, 0.8, 0, 1, 1, 1, 7
param->optimization_type, NL_LTP_Gp, NL_LTD_Gp, NL_LTP_Gn, NL_LTD_Gn, kp, kd, knp, knd, pLA, nLA, pLAd,nLAd, pof, nof, newUpdateRate, nnewUpdateRate, ReverseUpdate, RefreshRate, FullRefresh, dominance, epoch, accuracy, average accuracy, standard deviation, adaptive ratio, area sizeIH, area sizeHO, learningratesplit, Gth1, Gth2, usesplitadapt, unitcellsplit, saturationprotector, destructionprotector, deltaweightratio, usesplit, adaptivesplit Gth1, adaptivesplit Gth2
SGD, 1, -9, 1, -9, 128, 128, 128, 128, 0.3, 0.3, 0.2,0.2, inf, inf, 2, 2, 1, 100, 0, 0, 1, 32.13, 32.13, 0, 1.0012, 100, 10, 3, 1, 7, 0, 1, 0.8, 0, 1, 1, 1, 7
SGD, 1, -9, 1, -9, 128, 128, 128, 128, 0.3, 0.3, 0.2,0.2, inf, inf, 2, 2, 1, 100, 0, 0, 2, 11.44, 21.785, 10.345, 1.0012, 100, 10, 3, 1, 7, 0, 1, 0.8, 0, 1, 1, 1, 7
SGD, 1, -9, 1, -9, 128, 128, 128, 128, 0.3, 0.3, 0.2,0.2, inf, inf, 2, 2, 1, 100, 0, 0, 3, 29.56, 24.3767, 9.20758, 1.0012, 100, 10, 3, 1, 7, 0, 1, 0.8, 0, 1, 1, 1, 7
SGD, 1, -9, 1, -9, 128, 128, 128, 128, 0.3, 0.3, 0.2,0.2, inf, inf, 2, 2, 1, 100, 0, 0, 4, 39.01, 28.035, 10.185, 1.0012, 100, 10, 3, 1, 7, 0, 1, 0.8, 0, 1, 1, 1, 7
SGD, 1, -9, 1, -9, 128, 128, 128, 128, 0.3, 0.3, 0.2,0.2, inf, inf, 2, 2, 1, 100, 0, 0, 5, 31.9, 28.808, 9.24002, 1.0012, 100, 10, 3, 1, 7, 0, 1, 0.8, 0, 1, 1, 1, 7
SGD, 1, -9, 1, -9, 128, 128, 128, 128, 0.3, 0.3, 0.2,0.2, inf, inf, 2, 2, 1, 100, 0, 0, 6, 20.84, 27.48, 8.94238, 1.0012, 100, 10, 3, 1, 7, 0, 1, 0.8, 0, 1, 1, 1, 7
SGD, 1, -9, 1, -9, 128, 128, 128, 128, 0.3, 0.3, 0.2,0.2, inf, inf, 2, 2, 1, 100, 0, 0, 7, 19.37, 26.3214, 8.75193, 1.0012, 100, 10, 3, 1, 7, 0, 1, 0.8, 0, 1, 1, 1, 7
SGD, 1, -9, 1, -9, 128, 128, 128, 128, 0.3, 0.3, 0.2,0.2, inf, inf, 2, 2, 1, 100, 0, 0, 8, 24.64, 26.1112, 8.20554, 1.0012, 100, 10, 3, 1, 7, 0, 1, 0.8, 0, 1, 1, 1, 7
SGD, 1, -9, 1, -9, 128, 128, 128, 128, 0.3, 0.3, 0.2,0.2, inf, inf, 2, 2, 1, 100, 0, 0, 9, 40.83, 27.7467, 9.01368, 1.0012, 100, 10, 3, 1, 7, 0, 1, 0.8, 0, 1, 1, 1, 7
SGD, 1, -9, 1, -9, 128, 128, 128, 128, 0.3, 0.3, 0.2,0.2, inf, inf, 2, 2, 1, 100, 0, 0, 10, 9.8, 25.952, 10.1049, 1.0012, 100, 10, 3, 1, 7, 0, 1, 0.8, 0, 1, 1, 1, 7
param->optimization_type, NL_LTP_Gp, NL_LTD_Gp, NL_LTP_Gn, NL_LTD_Gn, kp, kd, knp, knd, pLA, nLA, pLAd,nLAd, pof, nof, newUpdateRate, nnewUpdateRate, ReverseUpdate, RefreshRate, FullRefresh, dominance, epoch, accuracy, average accuracy, standard deviation, adaptive ratio, area sizeIH, area sizeHO, learningratesplit, Gth1, Gth2, usesplitadapt, unitcellsplit, saturationprotector, destructionprotector, deltaweightratio, usesplit, adaptivesplit Gth1, adaptivesplit Gth2
SGD, 1, -9, 1, -9, 128, 128, 128, 128, 0.3, 0.3, 0.2,0.2, inf, inf, 2, 2, 1, 100, 0, 0, 1, 25.11, 25.11, 0, 1.0012, 100, 10, 3, 1, 7, 0, 1, 0.8, 0, 1, 1, 1, 7
SGD, 1, -9, 1, -9, 128, 128, 128, 128, 0.3, 0.3, 0.2,0.2, inf, inf, 2, 2, 1, 100, 0, 0, 2, 58.85, 41.98, 16.87, 1.0012, 100, 10, 3, 1, 7, 0, 1, 0.8, 0, 1, 1, 1, 7
SGD, 1, -9, 1, -9, 128, 128, 128, 128, 0.3, 0.3, 0.2,0.2, inf, inf, 2, 2, 1, 100, 0, 0, 3, 74.5, 52.82, 20.6093, 1.0012, 100, 10, 3, 1, 7, 0, 1, 0.8, 0, 1, 1, 1, 7
SGD, 1, -9, 1, -9, 128, 128, 128, 128, 0.3, 0.3, 0.2,0.2, inf, inf, 2, 2, 1, 100, 0, 0, 4, 81.31, 59.9425, 21.6967, 1.0012, 100, 10, 3, 1, 7, 0, 1, 0.8, 0, 1, 1, 1, 7
SGD, 1, -9, 1, -9, 128, 128, 128, 128, 0.3, 0.3, 0.2,0.2, inf, inf, 2, 2, 1, 100, 0, 0, 5, 84.54, 64.862, 21.7578, 1.0012, 100, 10, 3, 1, 7, 0, 1, 0.8, 0, 1, 1, 1, 7
SGD, 1, -9, 1, -9, 128, 128, 128, 128, 0.3, 0.3, 0.2,0.2, inf, inf, 2, 2, 1, 100, 0, 0, 6, 34.01, 59.72, 22.95, 1.0012, 100, 10, 3, 1, 7, 0, 1, 0.8, 0, 1, 1, 1, 7
SGD, 1, -9, 1, -9, 128, 128, 128, 128, 0.3, 0.3, 0.2,0.2, inf, inf, 2, 2, 1, 100, 0, 0, 7, 39.52, 56.8343, 22.3925, 1.0012, 100, 10, 3, 1, 7, 0, 1, 0.8, 0, 1, 1, 1, 7
SGD, 1, -9, 1, -9, 128, 128, 128, 128, 0.3, 0.3, 0.2,0.2, inf, inf, 2, 2, 1, 100, 0, 0, 8, 27.46, 53.1625, 23.0894, 1.0012, 100, 10, 3, 1, 7, 0, 1, 0.8, 0, 1, 1, 1, 7
param->optimization_type, NL_LTP_Gp, NL_LTD_Gp, NL_LTP_Gn, NL_LTD_Gn, kp, kd, knp, knd, pLA, nLA, pLAd,nLAd, pof, nof, newUpdateRate, nnewUpdateRate, ReverseUpdate, RefreshRate, FullRefresh, dominance, epoch, accuracy, average accuracy, standard deviation, adaptive ratio, area sizeIH, area sizeHO, learningratesplit, Gth1, Gth2, usesplitadapt, unitcellsplit, saturationprotector, destructionprotector, deltaweightratio, usesplit, adaptivesplit Gth1, adaptivesplit Gth2
param->optimization_type, NL_LTP_Gp, NL_LTD_Gp, NL_LTP_Gn, NL_LTD_Gn, kp, kd, knp, knd, pLA, nLA, pLAd,nLAd, pof, nof, newUpdateRate, nnewUpdateRate, ReverseUpdate, RefreshRate, FullRefresh, dominance, epoch, accuracy, average accuracy, standard deviation, adaptive ratio, area sizeIH, area sizeHO, learningratesplit, Gth1, Gth2, usesplitadapt, unitcellsplit, saturationprotector, destructionprotector, deltaweightratio, usesplit, adaptivesplit Gth1, adaptivesplit Gth2
SGD, 1, -9, 1, -9, 128, 128, 128, 128, 0.3, 0.3, 0.2,0.2, inf, inf, 2, 2, 1, 100, 0, 0, 1, 23.42, 23.42, 0, 1.0012, 100, 10, 3, 1, 7, 0, 1, 0.8, 0, 1, 1, 1, 7
SGD, 1, -9, 1, -9, 128, 128, 128, 128, 0.3, 0.3, 0.2,0.2, inf, inf, 2, 2, 1, 100, 0, 0, 2, 17.01, 20.215, 3.205, 1.0012, 100, 10, 3, 1, 7, 0, 1, 0.8, 0, 1, 1, 1, 7
SGD, 1, -9, 1, -9, 128, 128, 128, 128, 0.3, 0.3, 0.2,0.2, inf, inf, 2, 2, 1, 100, 0, 0, 3, 14.75, 18.3933, 3.67219, 1.0012, 100, 10, 3, 1, 7, 0, 1, 0.8, 0, 1, 1, 1, 7
SGD, 1, -9, 1, -9, 128, 128, 128, 128, 0.3, 0.3, 0.2,0.2, inf, inf, 2, 2, 1, 100, 0, 0, 4, 26.79, 20.4925, 4.83045, 1.0012, 100, 10, 3, 1, 7, 0, 1, 0.8, 0, 1, 1, 1, 7
SGD, 1, -9, 1, -9, 128, 128, 128, 128, 0.3, 0.3, 0.2,0.2, inf, inf, 2, 2, 1, 100, 0, 0, 5, 32.33, 22.86, 6.4099, 1.0012, 100, 10, 3, 1, 7, 0, 1, 0.8, 0, 1, 1, 1, 7
SGD, 1, -9, 1, -9, 128, 128, 128, 128, 0.3, 0.3, 0.2,0.2, inf, inf, 2, 2, 1, 100, 0, 0, 6, 23.72, 23.0033, 5.86018, 1.0012, 100, 10, 3, 1, 7, 0, 1, 0.8, 0, 1, 1, 1, 7
SGD, 1, -9, 1, -9, 128, 128, 128, 128, 0.3, 0.3, 0.2,0.2, inf, inf, 2, 2, 1, 100, 0, 0, 7, 28.73, 23.8214, 5.78372, 1.0012, 100, 10, 3, 1, 7, 0, 1, 0.8, 0, 1, 1, 1, 7
SGD, 1, -9, 1, -9, 128, 128, 128, 128, 0.3, 0.3, 0.2,0.2, inf, inf, 2, 2, 1, 100, 0, 0, 8, 21.39, 23.5175, 5.46961, 1.0012, 100, 10, 3, 1, 7, 0, 1, 0.8, 0, 1, 1, 1, 7
SGD, 1, -9, 1, -9, 128, 128, 128, 128, 0.3, 0.3, 0.2,0.2, inf, inf, 2, 2, 1, 100, 0, 0, 9, 34.02, 24.6844, 6.12263, 1.0012, 100, 10, 3, 1, 7, 0, 1, 0.8, 0, 1, 1, 1, 7
SGD, 1, -9, 1, -9, 128, 128, 128, 128, 0.3, 0.3, 0.2,0.2, inf, inf, 2, 2, 1, 100, 0, 0, 10, 24.01, 24.617, 5.81196, 1.0012, 100, 10, 3, 1, 7, 0, 1, 0.8, 0, 1, 1, 1, 7
SGD, 1, -9, 1, -9, 128, 128, 128, 128, 0.3, 0.3, 0.2,0.2, inf, inf, 2, 2, 1, 100, 0, 0, 11, 30.91, 25.1891, 5.82932, 1.0012, 100, 10, 3, 1, 7, 0, 1, 0.8, 0, 1, 1, 1, 7
param->optimization_type, NL_LTP_Gp, NL_LTD_Gp, NL_LTP_Gn, NL_LTD_Gn, kp, kd, knp, knd, pLA, nLA, pLAd,nLAd, pof, nof, newUpdateRate, nnewUpdateRate, ReverseUpdate, RefreshRate, FullRefresh, dominance, epoch, accuracy, average accuracy, standard deviation, adaptive ratio, area sizeIH, area sizeHO, learningratesplit, Gth1, Gth2, usesplitadapt, unitcellsplit, saturationprotector, destructionprotector, deltaweightratio, usesplit, adaptivesplit Gth1, adaptivesplit Gth2
SGD, 1, -9, 1, -9, 128, 128, 128, 128, 0.3, 0.3, 0.2,0.2, inf, inf, 2, 2, 1, 100, 0, 0, 1, 10.3, 10.3, 0, 1.0012, 100, 10, 3, 1, 7, 0, 1, 0.8, 0, 1, 1, 1, 7
SGD, 1, -9, 1, -9, 128, 128, 128, 128, 0.3, 0.3, 0.2,0.2, inf, inf, 2, 2, 1, 100, 0, 0, 2, 10.32, 10.31, 0.01, 1.0012, 100, 10, 3, 1, 7, 0, 1, 0.8, 0, 1, 1, 1, 7
SGD, 1, -9, 1, -9, 128, 128, 128, 128, 0.3, 0.3, 0.2,0.2, inf, inf, 2, 2, 1, 100, 0, 0, 3, 10.31, 10.31, 0.00816497, 1.0012, 100, 10, 3, 1, 7, 0, 1, 0.8, 0, 1, 1, 1, 7
SGD, 1, -9, 1, -9, 128, 128, 128, 128, 0.3, 0.3, 0.2,0.2, inf, inf, 2, 2, 1, 100, 0, 0, 4, 10.31, 10.31, 0.00707107, 1.0012, 100, 10, 3, 1, 7, 0, 1, 0.8, 0, 1, 1, 1, 7
SGD, 1, -9, 1, -9, 128, 128, 128, 128, 0.3, 0.3, 0.2,0.2, inf, inf, 2, 2, 1, 100, 0, 0, 5, 10.31, 10.31, 0.00632456, 1.0012, 100, 10, 3, 1, 7, 0, 1, 0.8, 0, 1, 1, 1, 7
param->optimization_type, NL_LTP_Gp, NL_LTD_Gp, NL_LTP_Gn, NL_LTD_Gn, kp, kd, knp, knd, pLA, nLA, pLAd,nLAd, pof, nof, newUpdateRate, nnewUpdateRate, ReverseUpdate, RefreshRate, FullRefresh, dominance, epoch, accuracy, average accuracy, standard deviation, adaptive ratio, area sizeIH, area sizeHO, learningratesplit, Gth1, Gth2, usesplitadapt, unitcellsplit, saturationprotector, destructionprotector, deltaweightratio, usesplit, adaptivesplit Gth1, adaptivesplit Gth2
SGD, 1, -9, 1, -9, 128, 128, 128, 128, 0.3, 0.3, 0.2,0.2, inf, inf, 2, 2, 1, 100, 0, 0, 1, 10.64, 10.64, 0, 1.0012, 100, 10, 3, 1, 7, 0, 1, 0.8, 0, 1, 1, 1, 7
SGD, 1, -9, 1, -9, 128, 128, 128, 128, 0.3, 0.3, 0.2,0.2, inf, inf, 2, 2, 1, 100, 0, 0, 2, 10.94, 10.79, 0.15, 1.0012, 100, 10, 3, 1, 7, 0, 1, 0.8, 0, 1, 1, 1, 7
param->optimization_type, NL_LTP_Gp, NL_LTD_Gp, NL_LTP_Gn, NL_LTD_Gn, kp, kd, knp, knd, pLA, nLA, pLAd,nLAd, pof, nof, newUpdateRate, nnewUpdateRate, ReverseUpdate, RefreshRate, FullRefresh, dominance, epoch, accuracy, average accuracy, standard deviation, adaptive ratio, area sizeIH, area sizeHO, learningratesplit, Gth1, Gth2, usesplitadapt, unitcellsplit, saturationprotector, destructionprotector, deltaweightratio, usesplit, adaptivesplit Gth1, adaptivesplit Gth2
SGD, 1, -9, 1, -9, 128, 128, 128, 128, 0.3, 0.3, 0.2,0.2, inf, inf, 2, 2, 1, 100, 0, 0, 1, 13.27, 13.27, 0, 1.0012, 100, 10, 3, 1, 7, 0, 1, 0.8, 0, 1, 1, 1, 7
SGD, 1, -9, 1, -9, 128, 128, 128, 128, 0.3, 0.3, 0.2,0.2, inf, inf, 2, 2, 1, 100, 0, 0, 2, 10.58, 11.925, 1.345, 1.0012, 100, 10, 3, 1, 7, 0, 1, 0.8, 0, 1, 1, 1, 7
SGD, 1, -9, 1, -9, 128, 128, 128, 128, 0.3, 0.3, 0.2,0.2, inf, inf, 2, 2, 1, 100, 0, 0, 3, 11.31, 11.72, 1.13581, 1.0012, 100, 10, 3, 1, 7, 0, 1, 0.8, 0, 1, 1, 1, 7
SGD, 1, -9, 1, -9, 128, 128, 128, 128, 0.3, 0.3, 0.2,0.2, inf, inf, 2, 2, 1, 100, 0, 0, 4, 11.23, 11.5975, 1.00626, 1.0012, 100, 10, 3, 1, 7, 0, 1, 0.8, 0, 1, 1, 1, 7
SGD, 1, -9, 1, -9, 128, 128, 128, 128, 0.3, 0.3, 0.2,0.2, inf, inf, 2, 2, 1, 100, 0, 0, 5, 11.14, 11.506, 0.918447, 1.0012, 100, 10, 3, 1, 7, 0, 1, 0.8, 0, 1, 1, 1, 7
param->optimization_type, NL_LTP_Gp, NL_LTD_Gp, NL_LTP_Gn, NL_LTD_Gn, kp, kd, knp, knd, pLA, nLA, pLAd,nLAd, pof, nof, newUpdateRate, nnewUpdateRate, ReverseUpdate, RefreshRate, FullRefresh, dominance, epoch, accuracy, average accuracy, standard deviation, adaptive ratio, area sizeIH, area sizeHO, learningratesplit, Gth1, Gth2, usesplitadapt, unitcellsplit, saturationprotector, destructionprotector, deltaweightratio, usesplit, adaptivesplit Gth1, adaptivesplit Gth2
SGD, 1, -9, 1, -9, 128, 128, 128, 128, 0.3, 0.3, 0.2,0.2, inf, inf, 2, 2, 1, 100, 0, 0, 1, 11.53, 11.53, 0, 1.0012, 100, 10, 3, 1, 7, 0, 1, 0.8, 0, 1, 1, 1, 7
SGD, 1, -9, 1, -9, 128, 128, 128, 128, 0.3, 0.3, 0.2,0.2, inf, inf, 2, 2, 1, 100, 0, 0, 2, 11.53, 11.53, 0, 1.0012, 100, 10, 3, 1, 7, 0, 1, 0.8, 0, 1, 1, 1, 7
SGD, 1, -9, 1, -9, 128, 128, 128, 128, 0.3, 0.3, 0.2,0.2, inf, inf, 2, 2, 1, 100, 0, 0, 3, 11.53, 11.53, 0, 1.0012, 100, 10, 3, 1, 7, 0, 1, 0.8, 0, 1, 1, 1, 7
SGD, 1, -9, 1, -9, 128, 128, 128, 128, 0.3, 0.3, 0.2,0.2, inf, inf, 2, 2, 1, 100, 0, 0, 4, 11.53, 11.53, 0, 1.0012, 100, 10, 3, 1, 7, 0, 1, 0.8, 0, 1, 1, 1, 7
SGD, 1, -9, 1, -9, 128, 128, 128, 128, 0.3, 0.3, 0.2,0.2, inf, inf, 2, 2, 1, 100, 0, 0, 5, 11.53, 11.53, 0, 1.0012, 100, 10, 3, 1, 7, 0, 1, 0.8, 0, 1, 1, 1, 7
param->optimization_type, NL_LTP_Gp, NL_LTD_Gp, NL_LTP_Gn, NL_LTD_Gn, kp, kd, knp, knd, pLA, nLA, pLAd,nLAd, pof, nof, newUpdateRate, nnewUpdateRate, ReverseUpdate, RefreshRate, FullRefresh, dominance, epoch, accuracy, average accuracy, standard deviation, adaptive ratio, area sizeIH, area sizeHO, learningratesplit, Gth1, Gth2, usesplitadapt, unitcellsplit, saturationprotector, destructionprotector, deltaweightratio, usesplit, adaptivesplit Gth1, adaptivesplit Gth2
SGD, 1, -9, 1, -9, 128, 128, 128, 128, 0.3, 0.3, 0.2,0.2, inf, inf, 2, 2, 1, 100, 0, 0, 1, 10.01, 10.01, 0, 1.0012, 100, 10, 3, 1, 7, 0, 1, 0.8, 0, 1, 1, 1, 7
SGD, 1, -9, 1, -9, 128, 128, 128, 128, 0.3, 0.3, 0.2,0.2, inf, inf, 2, 2, 1, 100, 0, 0, 2, 10.45, 10.23, 0.22, 1.0012, 100, 10, 3, 1, 7, 0, 1, 0.8, 0, 1, 1, 1, 7
SGD, 1, -9, 1, -9, 128, 128, 128, 128, 0.3, 0.3, 0.2,0.2, inf, inf, 2, 2, 1, 100, 0, 0, 3, 10.15, 10.2033, 0.183545, 1.0012, 100, 10, 3, 1, 7, 0, 1, 0.8, 0, 1, 1, 1, 7
SGD, 1, -9, 1, -9, 128, 128, 128, 128, 0.3, 0.3, 0.2,0.2, inf, inf, 2, 2, 1, 100, 0, 0, 4, 10.83, 10.36, 0.314484, 1.0012, 100, 10, 3, 1, 7, 0, 1, 0.8, 0, 1, 1, 1, 7
SGD, 1, -9, 1, -9, 128, 128, 128, 128, 0.3, 0.3, 0.2,0.2, inf, inf, 2, 2, 1, 100, 0, 0, 5, 10.53, 10.394, 0.289386, 1.0012, 100, 10, 3, 1, 7, 0, 1, 0.8, 0, 1, 1, 1, 7
SGD, 1, -9, 1, -9, 128, 128, 128, 128, 0.3, 0.3, 0.2,0.2, inf, inf, 2, 2, 1, 100, 0, 0, 6, 10.56, 10.4217, 0.271319, 1.0012, 100, 10, 3, 1, 7, 0, 1, 0.8, 0, 1, 1, 1, 7
param->optimization_type, NL_LTP_Gp, NL_LTD_Gp, NL_LTP_Gn, NL_LTD_Gn, kp, kd, knp, knd, pLA, nLA, pLAd,nLAd, pof, nof, newUpdateRate, nnewUpdateRate, ReverseUpdate, RefreshRate, FullRefresh, dominance, epoch, accuracy, average accuracy, standard deviation, adaptive ratio, area sizeIH, area sizeHO, learningratesplit, Gth1, Gth2, usesplitadapt, unitcellsplit, saturationprotector, destructionprotector, deltaweightratio, usesplit, adaptivesplit Gth1, adaptivesplit Gth2
SGD, 1, -9, 1, -9, 128, 128, 128, 128, 0.3, 0.3, 0.2,0.2, inf, inf, 2, 2, 1, 100, 0, 0, 1, 10.17, 10.17, 0, 1.0012, 100, 10, 3, 1, 7, 0, 1, 0.8, 0, 1, 1, 1, 7
SGD, 1, -9, 1, -9, 128, 128, 128, 128, 0.3, 0.3, 0.2,0.2, inf, inf, 2, 2, 1, 100, 0, 0, 2, 11.83, 11, 0.83, 1.0012, 100, 10, 3, 1, 7, 0, 1, 0.8, 0, 1, 1, 1, 7
